<?xml version="1.0"?>
<mime-info xmlns="http://www.freedesktop.org/standards/shared-mime-info">
	<mime-type type="application/x-freefilesync-gui">
		<glob pattern="*.ffs_gui"/>
		<comment>FreeFileSync Configuration</comment>
		<comment xml:lang="ar">إعداد FreeFileSync</comment>
		<comment xml:lang="bg">Конфигурация на FreeFileSync</comment>
		<comment xml:lang="cs">Nastavení FreeFileSync</comment>
		<comment xml:lang="da">FreeFileSync indstillinger</comment>
		<comment xml:lang="de">FreeFileSync Konfiguration</comment>
		<comment xml:lang="el">Ρυθμίσεις του FreeFileSync</comment>
		<comment xml:lang="en_GB">FreeFileSync Configuration</comment>
		<comment xml:lang="es">Configuración de FreeFileSync</comment>
		<comment xml:lang="fi">FreeFileSync määrittelyt</comment>
		<comment xml:lang="fr">Configuration de FreeFileSync</comment>
		<comment xml:lang="he">תצורת FreeFileSync</comment>
		<comment xml:lang="hi">FreeFileSync कॉन्फ़िगरेशन</comment>
		<comment xml:lang="hr">FreeFileSync Postavke</comment>
		<comment xml:lang="hu">FreeFileSync konfigurálása</comment>
		<comment xml:lang="it">Configurazione FreeFileSync</comment>
		<comment xml:lang="ja">FreeFileSync 構成設定</comment>
		<comment xml:lang="ko">FreeFileSync 환경설정</comment>
		<comment xml:lang="lt">FreeFileSync Konfigūracijos</comment>
		<comment xml:lang="nl">FreeFileSync configuratie</comment>
		<comment xml:lang="no">FreeFileSync konfigurering</comment>
		<comment xml:lang="pl">Konfiguracja FreeFileSync</comment>
		<comment xml:lang="pt">Configuração do FreeFileSync</comment>
		<comment xml:lang="pt_BR">Configuração do FreeFileSync</comment>
		<comment xml:lang="ro">Configurație FreeFileSync</comment>
		<comment xml:lang="ru">Конфигурация FreeFileSync</comment>
		<comment xml:lang="sk">FreeFileSync konfigurácia</comment>
		<comment xml:lang="sl">Nastavitve FreeFileSync</comment>
		<comment xml:lang="sv">FreeFileSync Konfiguration</comment>
		<comment xml:lang="tr">FreeFileSync Yapılandırması</comment>
		<comment xml:lang="vi">Cấu hình FreeFileSync</comment>
		<comment xml:lang="zh">FreeFileSync 配置</comment>
		<comment xml:lang="zh_TW">FreeFileSync配置</comment>
	</mime-type>

	<mime-type type="application/x-freefilesync-batch">
		<glob pattern="*.ffs_batch"/>
		<comment>FreeFileSync Batch File</comment>
		<comment xml:lang="ar">الملف الدفعي الخاص بـ FreeFileSync</comment>
		<comment xml:lang="bg">Пакетен Файл на FreeFileSync</comment>
		<comment xml:lang="cs">Dávka FreeFileSync</comment>
		<comment xml:lang="da">FreeFileSync batchfil</comment>
		<comment xml:lang="de">FreeFileSync Batchdatei</comment>
		<comment xml:lang="el">Δέσμη Ενεργειών του FreeFileSync</comment>
		<comment xml:lang="en_GB">FreeFileSync Batch File</comment>
		<comment xml:lang="es">Archivo por lotes de FreeFileSync</comment>
		<comment xml:lang="fi">FreeFileSync eräajo</comment>
		<comment xml:lang="fr">Fichiers batch de FreeFileSync</comment>
		<comment xml:lang="he">קובץ אצווה של FreeFileSync</comment>
		<comment xml:lang="hi">FreeFileSync बॅच फ़ाइल</comment>
		<comment xml:lang="hr">FreeFileSync slijedna datoteka</comment>
		<comment xml:lang="hu">FreeFileSync kötegelt állomány</comment>
		<comment xml:lang="it">File Batch FreeFileSync</comment>
		<comment xml:lang="ja">FreeFileSync 一括ファイル</comment>
		<comment xml:lang="ko">FreeFileSync 배치(일괄) 파일</comment>
		<comment xml:lang="lt">FreeFileSync Failų Paketas</comment>
		<comment xml:lang="nl">FreeFileSync batch bestand</comment>
		<comment xml:lang="no">FreeFileSync batchfil</comment>
		<comment xml:lang="pl">Plik wsadowy FreeFileSync</comment>
		<comment xml:lang="pt">Ficheiro Batch FreeFileSync</comment>
		<comment xml:lang="pt_BR">Arquivo em Lotes do FreeFileSync</comment>
		<comment xml:lang="ro">Fișier Set [Batch] FreeFileSync</comment>
		<comment xml:lang="ru">Файл пакетного задания FreeFileSync</comment>
		<comment xml:lang="sk">Dávkový súbor FreeFileSync</comment>
		<comment xml:lang="sl">FreeFileSync paketna datoteka</comment>
		<comment xml:lang="sv">FreeFileSync Batch-fil</comment>
		<comment xml:lang="tr">FreeFileSync Toplu İşlem Dosyası</comment>
		<comment xml:lang="vi">Tập tin thực thi FreeFileSync</comment>
		<comment xml:lang="zh">FreeFileSync 批处理文件</comment>
		<comment xml:lang="zh_TW">FreeFileSync批次檔</comment>
	</mime-type>

	<mime-type type="application/x-freefilesync-db">
		<glob pattern="*.ffs_db"/>
		<comment>FreeFileSync Synchronization Database</comment>
		<comment xml:lang="ar">قاعدة بيانات مزامنة FreeFileSync</comment>
		<comment xml:lang="bg">Синхронизираща База Данни на FreeFileSync</comment>
		<comment xml:lang="cs">Synchronizační databáze FreeFileSync</comment>
		<comment xml:lang="da">FreeFileSync synkroniseringsdatabase</comment>
		<comment xml:lang="de">FreeFileSync Synchronisationsdatenbank</comment>
		<comment xml:lang="el">Βάση Δεδομένων Συγχρονισμού του FreeFileSync</comment>
		<comment xml:lang="en_GB">FreeFileSync Synchronisation Database</comment>
		<comment xml:lang="es">Base de datos de sincronización de FreeFileSync</comment>
		<comment xml:lang="fi">FreeFileSync Synkronoinnin tietokanta</comment>
		<comment xml:lang="fr">Base de données de synchronisation de FreeFileSync</comment>
		<comment xml:lang="he">בסיס נתוני סנכרון של FreeFileSync</comment>
		<comment xml:lang="hi">FreeFileSync सिंक्रनाइज़ेशन डेटाबेस</comment>
		<comment xml:lang="hr">FreeFileSync sinkronizacijska baza podataka</comment>
		<comment xml:lang="hu">FreeFileSync szinkronizációs adatbázis</comment>
		<comment xml:lang="it">Database sincronizzazione FreeFileSync</comment>
		<comment xml:lang="ja">FreeFileSync 同期データベース</comment>
		<comment xml:lang="ko">FreeFileSync 동기화 데이터베이스</comment>
		<comment xml:lang="lt">FreeFileSync Suvienodinimo duomenų bazė</comment>
		<comment xml:lang="nl">FreeFileSync synchronisatie database</comment>
		<comment xml:lang="no">FreeFileSync synkronisering database</comment>
		<comment xml:lang="pl">Baza danych FreeFileSync</comment>
		<comment xml:lang="pt">Base de Dados de Sincronização FreeFileSync</comment>
		<comment xml:lang="pt_BR">Banco de Dados de Sincronização do FreeFileSync</comment>
		<comment xml:lang="ro">Bază de Date pentru Sincronizare FreeFileSync</comment>
		<comment xml:lang="ru">База данных синхронизации FreeFileSync</comment>
		<comment xml:lang="sk">Synchronizačná databáza FreeFileSync</comment>
		<comment xml:lang="sl">FreeFileSync sinhronizacijska baza podatkov</comment>
		<comment xml:lang="sv">FreeFileSync Synkroniseringsdatabas</comment>
		<comment xml:lang="tr">FreeFileSync Eşitleme Veritabanı</comment>
		<comment xml:lang="vi">FreeFileSync đồng bộ cơ sở dữ liệu</comment>
		<comment xml:lang="zh">FreeFileSync 同步数据库</comment>
		<comment xml:lang="zh_TW">FreeFileSync同步資料庫</comment>
	</mime-type>

	<mime-type type="application/x-freefilesync-real">
		<glob pattern="*.ffs_real"/>
		<comment>RealTimeSync Configuration</comment>
		<comment xml:lang="ar">إعداد RealTimeSync</comment>
		<comment xml:lang="bg">Конфигурация на RealTimeSync</comment>
		<comment xml:lang="cs">Nastavení RealTimeSync</comment>
		<comment xml:lang="da">RealTimeSync indstillinger</comment>
		<comment xml:lang="de">RealTimeSync Konfiguration</comment>
		<comment xml:lang="el">Ρυθμίσεις του RealTimeSync</comment>
		<comment xml:lang="en_GB">RealTimeSync Configuration</comment>
		<comment xml:lang="es">Configuración de RealTimeSync</comment>
		<comment xml:lang="fi">RealTimeSync määrittelyt</comment>
		<comment xml:lang="fr">Configuration de RealTimeSync</comment>
		<comment xml:lang="he">תצורת RealTimeSync</comment>
		<comment xml:lang="hi">RealTimeSync कॉन्फ़िगरेशन</comment>
		<comment xml:lang="hr">RealTimeSync postavke</comment>
		<comment xml:lang="hu">RealTimeSync konfigurálása</comment>
		<comment xml:lang="it">Configurazione RealTimeSync</comment>
		<comment xml:lang="ja">RealTimeSync 構成設定</comment>
		<comment xml:lang="ko">RealTimeSync 환경설정</comment>
		<comment xml:lang="lt">RealTimeSync Nustatymai</comment>
		<comment xml:lang="nl">RealTimeSync configuratie</comment>
		<comment xml:lang="no">RealTimeSync konfigurering</comment>
		<comment xml:lang="pl">Konfiguracja RealTimeSync</comment>
		<comment xml:lang="pt">Configuração do RealTimeSync</comment>
		<comment xml:lang="pt_BR">Configuração do RealTimeSync</comment>
		<comment xml:lang="ro">Configurație RealTimeSync</comment>
		<comment xml:lang="ru">Конфигурация RealTimeSync</comment>
		<comment xml:lang="sk">Konfigurácia RealTimeSync</comment>
		<comment xml:lang="sl">RealTimeSync nastavitve</comment>
		<comment xml:lang="sv">RealTimeSync Konfiguration</comment>
		<comment xml:lang="tr">RealTimeSync Yapılandırması</comment>
		<comment xml:lang="vi">RealTimeSync Cấu hình đồng bộ thời gian thực</comment>
		<comment xml:lang="zh">RealTimeSync 配置</comment>
		<comment xml:lang="zh_TW">RealTimeSync配置</comment>
	</mime-type>
</mime-info>
